Real time,Event,Pulses,Count rate,Duration of d.a.,Duration of meas.,Dose rate,DR Error,Dose,Dose rate alarm,Dose alarm,Temp alarm,Temp.,Charge,Comment
2024.04.02  20.29.04,Current device parameters,,,9 d., 10:38:16,,,,2.09 mR,None,None,17°C,98%,
2024.04.02  20.29.04,Device power off,,,,,,,,None,None,None,,,
2024.04.02  20.28.19,Current device parameters,,,9 d., 10:37:31,,,,2.09 mR,None,None,16.9°C,98%,
2024.04.02  20.26.19,Current device parameters,,,9 d., 10:35:31,,,,2.09 mR,None,None,16.8°C,98%,
2024.04.02  20.26.13,Current data values,1083,677 cpm,,0:01:36,15 µR/h,20.80%,,None,None,None,,,
2024.04.02  20.24.37,Current data values,1080,675 cpm,,0:01:36,15.3 µR/h,19.20%,,None,None,None,,,
2024.04.02  20.23.19,Current device parameters,,,9 d., 10:32:31,,,,2.09 mR,None,None,16.7°C,98%,
2024.04.02  20.23.01,Current data values,928,580 cpm,,0:01:36,14.8 µR/h,20.20%,,None,None,None,,,
2024.04.02  20.21.25,Current data values,969,606 cpm,,0:01:36,14.6 µR/h,19.40%,,None,None,None,,,
2024.04.02  20.20.19,Current device parameters,,,9 d., 10:29:31,,,,2.09 mR,None,None,16.5°C,98.20%,
2024.04.02  20.19.49,Current data values,1029,643 cpm,,0:01:36,16.3 µR/h,20.10%,,None,None,None,,,
2024.04.02  20.18.13,Current data values,1054,659 cpm,,0:01:36,17.2 µR/h,19%,,None,None,None,,,
2024.04.02  20.17.19,Current device parameters,,,9 d., 10:26:31,,,,2.09 mR,None,None,16.4°C,98.20%,
2024.04.02  20.16.37,Current data values,963,602 cpm,,0:01:36,15 µR/h,18.50%,,None,None,None,,,
2024.04.02  20.15.01,Current data values,1050,656 cpm,,0:01:36,17.4 µR/h,18.10%,,None,None,None,,,
2024.04.02  20.14.19,Current device parameters,,,9 d., 10:23:31,,,,2.09 mR,None,None,16.3°C,98.30%,
2024.04.02  20.13.25,Current data values,1026,641 cpm,,0:01:36,17.2 µR/h,19.10%,,None,None,None,,,
2024.04.02  20.11.49,Current data values,1057,661 cpm,,0:01:36,16.8 µR/h,19.10%,,None,None,None,,,
2024.04.02  20.10.13,Current data values,1075,672 cpm,,0:01:36,17.2 µR/h,17.80%,,None,None,None,,,
2024.04.02  20.08.37,Current data values,1059,662 cpm,,0:01:36,17.1 µR/h,17.90%,,None,None,None,,,
2024.04.02  20.06.45,Current data values,1307,613 cpm,,0:02:08,14 µR/h,17%,,None,None,None,,,
2024.04.02  20.05.45,Current data values,1220,572 cpm,,0:02:08,10.4 µR/h,17%,,None,None,None,,,
2024.04.02  20.05.37,Current data values,267,334 cpm,,0:00:48,8.34 µR/h,43.10%,,None,None,None,,,
2024.04.02  20.05.17,Current data values,267,334 cpm,,0:00:48,7.56 µR/h,43.10%,,None,None,None,,,
2024.04.02  20.04.19,Current device parameters,,,9 d., 10:13:31,,,,2.08 mR,None,None,16.2°C,98.40%,
2024.04.02  20.04.05,Current data values,486,304 cpm,,0:01:36,10 µR/h,31.20%,,None,None,None,,,
2024.04.02  20.02.29,Current data values,451,282 cpm,,0:01:36,9.38 µR/h,30.90%,,None,None,None,,,
2024.04.02  20.00.53,Current data values,460,288 cpm,,0:01:36,6.96 µR/h,30.70%,,None,None,None,,,
2024.04.02  19.59.17,Current data values,512,320 cpm,,0:01:36,9.19 µR/h,29.60%,,None,None,None,,,
2024.04.02  19.57.41,Current data values,526,329 cpm,,0:01:36,9.36 µR/h,29.20%,,None,None,None,,,
2024.04.02  19.56.05,Current data values,472,295 cpm,,0:01:36,7.87 µR/h,31.50%,,None,None,None,,,
2024.04.02  19.54.29,Current data values,477,298 cpm,,0:01:36,8.33 µR/h,34.40%,,None,None,None,,,
2024.04.02  19.52.53,Current data values,548,342 cpm,,0:01:36,8.48 µR/h,28.30%,,None,None,None,,,
2024.04.02  19.51.17,Current data values,589,368 cpm,,0:01:36,7.95 µR/h,31.70%,,None,None,None,,,
2024.04.02  19.50.19,Current device parameters,,,9 d., 9:59:31,,,,2.08 mR,None,None,16.1°C,98.50%,
2024.04.02  19.49.41,Current data values,647,404 cpm,,0:01:36,8.16 µR/h,27.10%,,None,None,None,,,
2024.04.02  19.48.05,Current data values,732,458 cpm,,0:01:36,13.3 µR/h,23.90%,,None,None,None,,,
2024.04.02  19.47.19,Current device parameters,,,9 d., 9:56:31,,,,2.08 mR,None,None,16°C,98.70%,
2024.04.02  19.46.29,Current data values,709,443 cpm,,0:01:36,9.7 µR/h,27.30%,,None,None,None,,,
2024.04.02  19.45.19,Current device parameters,,,9 d., 9:54:31,,,,2.08 mR,None,None,15.8°C,98.70%,
2024.04.02  19.44.53,Current data values,681,426 cpm,,0:01:36,9.57 µR/h,25.40%,,None,None,None,,,
2024.04.02  19.43.19,Current device parameters,,,9 d., 9:52:31,,,,2.08 mR,None,None,15.7°C,98.80%,
2024.04.02  19.43.17,Current data values,722,451 cpm,,0:01:36,12.3 µR/h,25.30%,,None,None,None,,,
2024.04.02  19.41.41,Current data values,739,462 cpm,,0:01:36,12.1 µR/h,23.10%,,None,None,None,,,
2024.04.02  19.41.19,Current device parameters,,,9 d., 9:50:31,,,,2.08 mR,None,None,15.6°C,98.80%,
2024.04.02  19.40.05,Current data values,591,369 cpm,,0:01:36,9.45 µR/h,26.50%,,None,None,None,,,
2024.04.02  19.39.19,Current device parameters,,,9 d., 9:48:31,,,,2.08 mR,None,None,15.5°C,98.80%,
2024.04.02  19.38.29,Current data values,463,289 cpm,,0:01:36,7.49 µR/h,31.30%,,None,None,None,,,
2024.04.02  19.37.19,Current device parameters,,,9 d., 9:46:31,,,,2.08 mR,None,None,15.4°C,98.80%,
2024.04.02  19.36.53,Current data values,421,263 cpm,,0:01:36,7.49 µR/h,29.30%,,None,None,None,,,
2024.04.02  19.35.17,Current data values,540,338 cpm,,0:01:36,10.1 µR/h,26.40%,,None,None,None,,,
2024.04.02  19.33.41,Current data values,522,326 cpm,,0:01:36,9.66 µR/h,27.80%,,None,None,None,,,
2024.04.02  19.32.05,Current data values,556,348 cpm,,0:01:36,9.83 µR/h,28%,,None,None,None,,,
2024.04.02  19.30.29,Current data values,446,279 cpm,,0:01:36,7.04 µR/h,31.20%,,None,None,None,,,
2024.04.02  19.28.53,Current data values,556,348 cpm,,0:01:36,11.3 µR/h,27.90%,,None,None,None,,,
2024.04.02  19.28.19,Current device parameters,,,9 d., 9:37:31,,,,2.08 mR,None,None,15.3°C,98.90%,
2024.04.02  19.27.17,Current data values,657,411 cpm,,0:01:36,10.7 µR/h,24.90%,,None,None,None,,,
2024.04.02  19.25.41,Current data values,644,402 cpm,,0:01:36,12.4 µR/h,23.50%,,None,None,None,,,
2024.04.02  19.25.19,Current device parameters,,,9 d., 9:34:31,,,,2.08 mR,None,None,15.4°C,99.10%,
2024.04.02  19.23.49,Current data values,853,400 cpm,,0:02:08,11 µR/h,22.10%,,None,None,None,,,
2024.04.02  19.22.49,Current data values,753,353 cpm,,0:02:08,11.6 µR/h,22.10%,,None,None,None,,,
2024.04.02  19.22.41,Current data values,769,577 cpm,,0:01:20,10.2 µR/h,24.60%,,None,None,None,,,
2024.04.02  19.22.19,Current device parameters,,,9 d., 9:31:31,,,,2.08 mR,None,None,15.5°C,99.10%,
2024.04.02  19.22.05,Current data values,806,604 cpm,,0:01:20,14.7 µR/h,24.60%,,None,None,None,,,
2024.04.02  19.20.37,Current data values,976,610 cpm,,0:01:36,13.5 µR/h,21.90%,,None,None,None,,,
2024.04.02  19.19.19,Current device parameters,,,9 d., 9:28:31,,,,2.07 mR,None,None,15.6°C,99.20%,
2024.04.02  19.19.01,Current data values,959,599 cpm,,0:01:36,15.9 µR/h,21.50%,,None,None,None,,,
2024.04.02  19.17.25,Current data values,937,586 cpm,,0:01:36,13.3 µR/h,23.20%,,None,None,None,,,
2024.04.02  19.15.49,Current data values,917,573 cpm,,0:01:36,14.5 µR/h,22.90%,,None,None,None,,,
2024.04.02  19.14.19,Current device parameters,,,9 d., 9:23:31,,,,2.07 mR,None,None,15.7°C,99.20%,
2024.04.02  19.14.13,Current data values,932,582 cpm,,0:01:36,11.4 µR/h,23.30%,,None,None,None,,,
2024.04.02  19.12.37,Current data values,994,621 cpm,,0:01:36,14 µR/h,21.70%,,None,None,None,,,
2024.04.02  19.11.01,Current data values,969,606 cpm,,0:01:36,15.7 µR/h,21.90%,,None,None,None,,,
2024.04.02  19.10.19,Current device parameters,,,9 d., 9:19:31,,,,2.07 mR,None,None,15.8°C,99.30%,
2024.04.02  19.09.25,Current data values,1016,635 cpm,,0:01:36,13.4 µR/h,20.60%,,None,None,None,,,
2024.04.02  19.07.49,Current data values,989,618 cpm,,0:01:36,12.4 µR/h,22.20%,,None,None,None,,,
2024.04.02  19.07.19,Current device parameters,,,9 d., 9:16:31,,,,2.07 mR,None,None,16°C,99.30%,
2024.04.02  19.06.13,Current data values,841,526 cpm,,0:01:36,9.91 µR/h,25%,,None,None,None,,,
2024.04.02  19.05.19,Current device parameters,,,9 d., 9:14:31,,,,2.07 mR,None,None,16.1°C,99.50%,
2024.04.02  19.04.37,Current data values,727,454 cpm,,0:01:36,8.58 µR/h,29.50%,,None,None,None,,,
2024.04.02  19.03.19,Current device parameters,,,9 d., 9:12:31,,,,2.07 mR,None,None,16.2°C,99.50%,
2024.04.02  19.03.01,Current data values,625,391 cpm,,0:01:36,6.82 µR/h,33%,,None,None,None,,,
2024.04.02  19.01.25,Current data values,551,344 cpm,,0:01:36,6.02 µR/h,31.70%,,None,None,None,,,
2024.04.02  19.01.19,Current device parameters,,,9 d., 9:10:31,,,,2.07 mR,None,None,16.3°C,99.50%,
2024.04.02  18.59.49,Current data values,541,338 cpm,,0:01:36,6.6 µR/h,34.60%,,None,None,None,,,
2024.04.02  18.59.19,Current device parameters,,,9 d., 9:08:31,,,,2.07 mR,None,None,16.4°C,99.50%,
2024.04.02  18.58.13,Current data values,540,338 cpm,,0:01:36,6.62 µR/h,36.40%,,None,None,None,,,
2024.04.02  18.57.19,Current device parameters,,,9 d., 9:06:31,,,,2.07 mR,None,None,16.6°C,99.50%,
2024.04.02  18.56.37,Current data values,633,396 cpm,,0:01:36,8.67 µR/h,30.20%,,None,None,None,,,
2024.04.02  18.55.19,Current device parameters,,,9 d., 9:04:31,,,,2.07 mR,None,None,16.7°C,99.60%,
2024.04.02  18.55.01,Current data values,572,358 cpm,,0:01:36,4.52 µR/h,36.50%,,None,None,None,,,
2024.04.02  18.53.25,Current data values,568,355 cpm,,0:01:36,7.07 µR/h,34.80%,,None,None,None,,,
2024.04.02  18.53.19,Current device parameters,,,9 d., 9:02:31,,,,2.07 mR,None,None,16.9°C,99.70%,
2024.04.02  18.51.49,Current data values,558,349 cpm,,0:01:36,6.18 µR/h,31.80%,,None,None,None,,,
2024.04.02  18.51.19,Current device parameters,,,9 d., 9:00:31,,,,2.07 mR,None,None,17°C,99.70%,
2024.04.02  18.50.13,Current data values,505,316 cpm,,0:01:36,7.38 µR/h,31.70%,,None,None,None,,,
2024.04.02  18.49.19,Current device parameters,,,9 d., 8:58:31,,,,2.07 mR,None,None,17.2°C,99.70%,
2024.04.02  18.48.37,Current data values,553,346 cpm,,0:01:36,6.28 µR/h,34.10%,,None,None,None,,,
2024.04.02  18.47.19,Current device parameters,,,9 d., 8:56:31,,,,2.07 mR,None,None,17.4°C,99.70%,
2024.04.02  18.47.01,Current data values,562,351 cpm,,0:01:36,8.15 µR/h,30.10%,,None,None,None,,,
2024.04.02  18.45.25,Current data values,554,346 cpm,,0:01:36,5.91 µR/h,31.10%,,None,None,None,,,
2024.04.02  18.45.19,Current device parameters,,,9 d., 8:54:31,,,,2.07 mR,None,None,17.6°C,99.90%,
2024.04.02  18.44.19,Current device parameters,,,9 d., 8:53:31,,,,2.07 mR,None,None,17.7°C,99.90%,
2024.04.02  18.43.49,Current data values,566,354 cpm,,0:01:36,6.8 µR/h,33.20%,,None,None,None,,,
2024.04.02  18.43.19,Current device parameters,,,9 d., 8:52:31,,,,2.07 mR,None,None,17.8°C,99.90%,
2024.04.02  18.42.19,Current device parameters,,,9 d., 8:51:31,,,,2.07 mR,None,None,17.9°C,100%,
2024.04.02  18.42.13,Current data values,572,358 cpm,,0:01:36,7 µR/h,33.50%,,None,None,None,,,
2024.04.02  18.41.19,Current device parameters,,,9 d., 8:50:31,,,,2.07 mR,None,None,18°C,99.90%,
2024.04.02  18.40.37,Current data values,615,384 cpm,,0:01:36,8.05 µR/h,32.60%,,None,None,None,,,
2024.04.02  18.40.19,Current device parameters,,,9 d., 8:49:31,,,,2.07 mR,None,None,18.1°C,100%,
2024.04.02  18.39.19,Current device parameters,,,9 d., 8:48:31,,,,2.07 mR,None,None,18.2°C,100%,
2024.04.02  18.39.01,Current data values,601,376 cpm,,0:01:36,8.71 µR/h,31.20%,,None,None,None,,,
2024.04.02  18.38.19,Current device parameters,,,9 d., 8:47:31,,,,2.07 mR,None,None,18.3°C,100%,
2024.04.02  18.37.25,Current data values,582,364 cpm,,0:01:36,9.57 µR/h,31.80%,,None,None,None,,,
2024.04.02  18.37.19,Current device parameters,,,9 d., 8:46:31,,,,2.07 mR,None,None,18.4°C,100%,
2024.04.02  18.36.19,Current device parameters,,,9 d., 8:45:31,,,,2.07 mR,None,None,18.5°C,100%,
2024.04.02  18.35.49,Current data values,559,349 cpm,,0:01:36,5.88 µR/h,34.70%,,None,None,None,,,
2024.04.02  18.35.19,Current device parameters,,,9 d., 8:44:31,,,,2.07 mR,None,None,18.6°C,100%,
2024.04.02  18.34.19,Current device parameters,,,9 d., 8:43:31,,,,2.07 mR,None,None,18.7°C,100%,
2024.04.02  18.34.13,Current data values,545,341 cpm,,0:01:36,5.08 µR/h,34.20%,,None,None,None,,,
2024.04.02  18.32.37,Current data values,575,359 cpm,,0:01:36,7.83 µR/h,33.20%,,None,None,None,,,
2024.04.02  18.32.19,Current device parameters,,,9 d., 8:41:31,,,,2.07 mR,None,None,18.9°C,100%,
2024.04.02  18.31.01,Current data values,533,333 cpm,,0:01:36,6.37 µR/h,33.90%,,None,None,None,,,
2024.04.02  18.30.19,Current device parameters,,,9 d., 8:39:31,,,,2.07 mR,None,None,19.1°C,100%,
2024.04.02  18.29.25,Current data values,503,314 cpm,,0:01:36,6.5 µR/h,35.70%,,None,None,None,,,
2024.04.02  18.28.19,Current device parameters,,,9 d., 8:37:31,,,,2.07 mR,None,None,19.3°C,100%,
2024.04.02  18.27.49,Current data values,684,428 cpm,,0:01:36,7.06 µR/h,31.10%,,None,None,None,,,
2024.04.02  18.26.19,Current device parameters,,,9 d., 8:35:31,,,,2.07 mR,None,None,19.4°C,100%,
2024.04.02  18.26.13,Current data values,717,448 cpm,,0:01:36,8.54 µR/h,29.40%,,None,None,None,,,
2024.04.02  18.24.37,Current data values,779,487 cpm,,0:01:36,9.09 µR/h,27%,,None,None,None,,,
2024.04.02  18.23.19,Current device parameters,,,9 d., 8:32:31,,,,2.07 mR,None,None,19.5°C,100%,
2024.04.02  18.23.01,Current data values,925,578 cpm,,0:01:36,13.4 µR/h,24.80%,,None,None,None,,,
2024.04.02  18.21.25,Current data values,969,606 cpm,,0:01:36,12.4 µR/h,23%,,None,None,None,,,
2024.04.02  18.19.49,Current data values,995,622 cpm,,0:01:36,15.3 µR/h,22.40%,,None,None,None,,,
2024.04.02  18.18.13,Current data values,1044,652 cpm,,0:01:36,13.1 µR/h,22.50%,,None,None,None,,,
2024.04.02  18.16.37,Current data values,1009,631 cpm,,0:01:36,17 µR/h,20.20%,,None,None,None,,,
2024.04.02  18.15.01,Current data values,1013,633 cpm,,0:01:36,13.3 µR/h,21.30%,,None,None,None,,,
2024.04.02  18.13.25,Current data values,996,622 cpm,,0:01:36,12.5 µR/h,19.90%,,None,None,None,,,
2024.04.02  18.11.49,Current data values,1061,663 cpm,,0:01:36,13.2 µR/h,21.30%,,None,None,None,,,
2024.04.02  18.10.19,Current device parameters,,,9 d., 8:19:31,,,,2.06 mR,None,None,19.6°C,100%,
2024.04.02  18.10.13,Current data values,1080,675 cpm,,0:01:36,14.6 µR/h,20.60%,,None,None,None,,,
2024.04.02  18.08.37,Current data values,1039,649 cpm,,0:01:36,15.2 µR/h,21.30%,,None,None,None,,,
2024.04.02  18.07.01,Current data values,1055,659 cpm,,0:01:36,18.3 µR/h,20.80%,,None,None,None,,,
2024.04.02  18.06.19,Current device parameters,,,9 d., 8:15:31,,,,2.06 mR,None,None,19.7°C,100%,
2024.04.02  18.05.25,Current data values,1063,664 cpm,,0:01:36,13.5 µR/h,20.40%,,None,None,None,,,
2024.04.02  18.03.49,Current data values,1071,669 cpm,,0:01:36,15.1 µR/h,20.30%,,None,None,None,,,
2024.04.02  18.02.13,Current data values,1028,642 cpm,,0:01:36,15.1 µR/h,20.80%,,None,None,None,,,
2024.04.02  18.00.37,Current data values,1048,655 cpm,,0:01:36,15.2 µR/h,20.10%,,None,None,None,,,
2024.04.02  18.00.19,Current device parameters,,,9 d., 8:09:31,,,,2.06 mR,None,None,19.8°C,100%,
2024.04.02  17.59.01,Current data values,1060,662 cpm,,0:01:36,14.1 µR/h,20.80%,,None,None,None,,,
2024.04.02  17.57.25,Current data values,1068,668 cpm,,0:01:36,15.2 µR/h,21.40%,,None,None,None,,,
2024.04.02  17.57.19,Current device parameters,,,9 d., 8:06:31,,,,2.06 mR,None,None,19.9°C,100%,
2024.04.02  17.55.49,Current data values,948,592 cpm,,0:01:36,10.6 µR/h,22.50%,,None,None,None,,,
2024.04.02  17.55.19,Current device parameters,,,9 d., 8:04:31,,,,2.06 mR,None,None,20.1°C,100%,
2024.04.02  17.54.13,Current data values,992,620 cpm,,0:01:36,13.3 µR/h,21.20%,,None,None,None,,,
2024.04.02  17.53.19,Current device parameters,,,9 d., 8:02:31,,,,2.06 mR,None,None,20.2°C,100%,
2024.04.02  17.52.37,Current data values,914,571 cpm,,0:01:36,12.7 µR/h,22%,,None,None,None,,,
2024.04.02  17.51.19,Current device parameters,,,9 d., 8:00:31,,,,2.06 mR,None,None,20.4°C,100%,
2024.04.02  17.51.01,Current data values,990,619 cpm,,0:01:36,13.4 µR/h,21.50%,,None,None,None,,,
2024.04.02  17.49.25,Current data values,968,605 cpm,,0:01:36,16.9 µR/h,20.30%,,None,None,None,,,
2024.04.02  17.49.19,Current device parameters,,,9 d., 7:58:31,,,,2.06 mR,None,None,20.6°C,100%,
2024.04.02  17.47.49,Current data values,983,614 cpm,,0:01:36,13.2 µR/h,20.50%,,None,None,None,,,
2024.04.02  17.47.19,Current device parameters,,,9 d., 7:56:31,,,,2.06 mR,None,None,20.8°C,100%,
2024.04.02  17.46.13,Current data values,950,594 cpm,,0:01:36,15.1 µR/h,22.10%,,None,None,None,,,
2024.04.02  17.45.19,Current device parameters,,,9 d., 7:54:31,,,,2.06 mR,None,None,20.9°C,100%,
2024.04.02  17.44.37,Current data values,1011,632 cpm,,0:01:36,16.5 µR/h,21.20%,,None,None,None,,,
2024.04.02  17.43.19,Current device parameters,,,9 d., 7:52:31,,,,2.06 mR,None,None,21.1°C,100%,
2024.04.02  17.43.01,Current data values,999,624 cpm,,0:01:36,13.4 µR/h,21.70%,,None,None,None,,,
2024.04.02  17.42.19,Current device parameters,,,9 d., 7:51:31,,,,2.06 mR,None,None,21.2°C,100%,
2024.04.02  17.41.25,Current data values,946,591 cpm,,0:01:36,11.6 µR/h,20.10%,,None,None,None,,,
2024.04.02  17.41.19,Current device parameters,,,9 d., 7:50:31,,,,2.06 mR,None,None,21.3°C,100%,
2024.04.02  17.40.19,Current device parameters,,,9 d., 7:49:31,,,,2.06 mR,None,None,21.4°C,100%,
2024.04.02  17.39.49,Current data values,1003,627 cpm,,0:01:36,15.3 µR/h,20.40%,,None,None,None,,,
2024.04.02  17.39.19,Current device parameters,,,9 d., 7:48:31,,,,2.06 mR,None,None,21.5°C,100%,
2024.04.02  17.38.19,Current device parameters,,,9 d., 7:47:31,,,,2.06 mR,None,None,21.7°C,100%,
2024.04.02  17.38.13,Current data values,977,611 cpm,,0:01:36,15.1 µR/h,20.90%,,None,None,None,,,
2024.04.02  17.37.19,Current device parameters,,,9 d., 7:46:31,,,,2.06 mR,None,None,21.8°C,100%,
2024.04.02  17.36.37,Current data values,940,588 cpm,,0:01:36,15.5 µR/h,22.90%,,None,None,None,,,
2024.04.02  17.36.19,Current device parameters,,,9 d., 7:45:31,,,,2.06 mR,None,None,21.9°C,100%,
2024.04.02  17.35.19,Current device parameters,,,9 d., 7:44:31,,,,2.06 mR,None,None,22°C,100%,
2024.04.02  17.35.01,Current data values,993,621 cpm,,0:01:36,12.1 µR/h,21.20%,,None,None,None,,,
2024.04.02  17.34.19,Current device parameters,,,9 d., 7:43:31,,,,2.06 mR,None,None,22.1°C,100%,
2024.04.02  17.33.25,Current data values,984,615 cpm,,0:01:36,11.2 µR/h,22.50%,,None,None,None,,,
2024.04.02  17.33.19,Current device parameters,,,9 d., 7:42:31,,,,2.06 mR,None,None,22.3°C,100%,
2024.04.02  17.32.19,Current device parameters,,,9 d., 7:41:31,,,,2.06 mR,None,None,22.4°C,100%,
2024.04.02  17.31.49,Current data values,960,600 cpm,,0:01:36,12.2 µR/h,20.90%,,None,None,None,,,
2024.04.02  17.31.19,Current device parameters,,,9 d., 7:40:31,,,,2.06 mR,None,None,22.5°C,100%,
2024.04.02  17.30.19,Current device parameters,,,9 d., 7:39:31,,,,2.06 mR,None,None,22.6°C,100%,
2024.04.02  17.30.13,Current data values,929,581 cpm,,0:01:36,9.62 µR/h,20.30%,,None,None,None,,,
2024.04.02  17.29.19,Current device parameters,,,9 d., 7:38:31,,,,2.06 mR,None,None,22.8°C,100%,
2024.04.02  17.28.37,Current data values,906,566 cpm,,0:01:36,11.3 µR/h,21.30%,,None,None,None,,,
2024.04.02  17.28.19,Current device parameters,,,9 d., 7:37:31,,,,2.06 mR,None,None,22.9°C,100%,
2024.04.02  17.27.19,Current device parameters,,,9 d., 7:36:31,,,,2.05 mR,None,None,23°C,100%,
2024.04.02  17.27.01,Current data values,945,591 cpm,,0:01:36,11.6 µR/h,22.30%,,None,None,None,,,
2024.04.02  17.25.25,Current data values,948,592 cpm,,0:01:36,12.1 µR/h,22.60%,,None,None,None,,,
2024.04.02  17.25.19,Current device parameters,,,9 d., 7:34:31,,,,2.05 mR,None,None,23.2°C,100%,
2024.04.02  17.23.49,Current data values,915,572 cpm,,0:01:36,13.5 µR/h,22.80%,,None,None,None,,,
2024.04.02  17.23.19,Current device parameters,,,9 d., 7:32:31,,,,2.05 mR,None,None,23.4°C,100%,
2024.04.02  17.22.13,Current data values,975,609 cpm,,0:01:36,11.4 µR/h,21.90%,,None,None,None,,,
2024.04.02  17.21.19,Current device parameters,,,9 d., 7:30:31,,,,2.05 mR,None,None,23.5°C,100%,
2024.04.02  17.20.37,Current data values,980,612 cpm,,0:01:36,10.4 µR/h,23.60%,,None,None,None,,,
2024.04.02  17.19.01,Current data values,998,624 cpm,,0:01:36,13.4 µR/h,21.70%,,None,None,None,,,
2024.04.02  17.17.25,Current data values,955,597 cpm,,0:01:36,13 µR/h,23.30%,,None,None,None,,,
2024.04.02  17.16.19,Current device parameters,,,9 d., 7:25:31,,,,2.05 mR,None,None,23.6°C,100%,
2024.04.02  17.15.49,Current data values,975,609 cpm,,0:01:36,14.3 µR/h,23.30%,,None,None,None,,,
2024.04.02  17.14.13,Current data values,943,589 cpm,,0:01:36,11.6 µR/h,22.10%,,None,None,None,,,
2024.04.02  17.13.19,Current device parameters,,,9 d., 7:22:31,,,,2.05 mR,None,None,23.5°C,100%,
2024.04.02  17.12.29,Current data values,1119,599 cpm,,0:01:52,15.8 µR/h,20.30%,,None,None,None,,,
2024.04.02  17.11.37,Current data values,1164,624 cpm,,01:51.0,16.7 µR/h,20.30%,,None,None,None,,,
2024.04.02  17.11.29,Current data values,466,437 cpm,,0:01:04,8.94 µR/h,35.70%,,None,None,None,,,
2024.04.02  17.11.19,Current device parameters,,,9 d., 7:20:31,,,,2.05 mR,None,None,23.4°C,100%,
2024.04.02  17.11.01,Current data values,422,396 cpm,,0:01:04,10.5 µR/h,35.70%,,None,None,None,,,
2024.04.02  17.09.41,Current data values,556,348 cpm,,0:01:36,8.7 µR/h,27.10%,,None,None,None,,,
2024.04.02  17.08.19,Current device parameters,,,9 d., 7:17:31,,,,2.05 mR,None,None,23.3°C,100%,
2024.04.02  17.08.05,Current data values,603,377 cpm,,0:01:36,10.2 µR/h,26.20%,,None,None,None,,,
2024.04.02  17.06.29,Current data values,571,357 cpm,,0:01:36,10 µR/h,25.80%,,None,None,None,,,
2024.04.02  17.04.53,Current data values,396,248 cpm,,0:01:36,8 µR/h,32.60%,,None,None,None,,,
2024.04.02  17.04.19,Current device parameters,,,9 d., 7:13:31,,,,2.05 mR,None,None,23.1°C,100%,
2024.04.02  17.03.17,Current data values,435,272 cpm,,0:01:36,9.01 µR/h,31.20%,,None,None,None,,,
2024.04.02  17.01.41,Current data values,427,267 cpm,,0:01:36,6.86 µR/h,33.10%,,None,None,None,,,
2024.04.02  17.01.19,Current device parameters,,,9 d., 7:10:31,,,,2.05 mR,None,None,23°C,100%,
2024.04.02  17.00.05,Current data values,441,276 cpm,,0:01:36,8.1 µR/h,30.90%,,None,None,None,,,
2024.04.02  16.58.29,Current data values,408,255 cpm,,0:01:36,10.3 µR/h,29.10%,,None,None,None,,,
2024.04.02  16.58.19,Current device parameters,,,9 d., 7:07:31,,,,2.05 mR,None,None,22.9°C,100%,
2024.04.02  16.56.53,Current data values,447,279 cpm,,0:01:36,7.46 µR/h,31%,,None,None,None,,,
2024.04.02  16.55.19,Current device parameters,,,9 d., 7:04:31,,,,2.05 mR,None,None,22.8°C,100%,
2024.04.02  16.55.17,Current data values,511,319 cpm,,0:01:36,11 µR/h,29.50%,,None,None,None,,,
2024.04.02  16.53.41,Current data values,482,301 cpm,,0:01:36,9.14 µR/h,29.10%,,None,None,None,,,
2024.04.02  16.53.19,Current device parameters,,,9 d., 7:02:31,,,,2.05 mR,None,None,22.7°C,100%,
2024.04.02  16.52.05,Current data values,446,279 cpm,,0:01:36,5.03 µR/h,32.60%,,None,None,None,,,
2024.04.02  16.51.19,Current device parameters,,,9 d., 7:00:31,,,,2.05 mR,None,None,22.6°C,100%,
2024.04.02  16.50.29,Current data values,339,212 cpm,,0:01:36,6.11 µR/h,33.10%,,None,None,None,,,
2024.04.02  16.48.53,Current data values,374,234 cpm,,0:01:36,5.54 µR/h,36.40%,,None,None,None,,,
2024.04.02  16.47.17,Current data values,433,271 cpm,,0:01:36,7.87 µR/h,33.30%,,None,None,None,,,
2024.04.02  16.45.41,Current data values,484,302 cpm,,0:01:36,8.66 µR/h,32.50%,,None,None,None,,,
2024.04.02  16.44.19,Current device parameters,,,9 d., 6:53:31,,,,2.05 mR,None,None,22.4°C,100%,
2024.04.02  16.44.05,Current data values,394,246 cpm,,0:01:36,8.5 µR/h,33.50%,,None,None,None,,,
2024.04.02  16.42.29,Current data values,495,309 cpm,,0:01:36,7.75 µR/h,30.90%,,None,None,None,,,
2024.04.02  16.40.53,Current data values,484,302 cpm,,0:01:36,8.83 µR/h,30.80%,,None,None,None,,,
2024.04.02  16.40.19,Current device parameters,,,9 d., 6:49:31,,,,2.05 mR,None,None,22.5°C,100%,
2024.04.02  16.39.17,Current data values,496,310 cpm,,0:01:36,7.73 µR/h,31.50%,,None,None,None,,,
2024.04.02  16.37.41,Current data values,504,315 cpm,,0:01:36,7.73 µR/h,30.60%,,None,None,None,,,
2024.04.02  16.36.19,Current device parameters,,,9 d., 6:45:31,,,,2.05 mR,None,None,22.7°C,100%,
2024.04.02  16.36.05,Current data values,501,313 cpm,,0:01:36,10.5 µR/h,28%,,None,None,None,,,
2024.04.02  16.34.29,Current data values,514,321 cpm,,0:01:36,8.22 µR/h,28.60%,,None,None,None,,,
2024.04.02  16.33.19,Current device parameters,,,9 d., 6:42:31,,,,2.05 mR,None,None,22.8°C,100%,
2024.04.02  16.32.53,Current data values,481,301 cpm,,0:01:36,8.92 µR/h,30.40%,,None,None,None,,,
2024.04.02  16.31.19,Current device parameters,,,9 d., 6:40:31,,,,2.04 mR,None,None,22.9°C,100%,
2024.04.02  16.31.17,Current data values,591,369 cpm,,0:01:36,9.1 µR/h,27.60%,,None,None,None,,,
2024.04.02  16.29.41,Current data values,584,365 cpm,,0:01:36,9.65 µR/h,25.30%,,None,None,None,,,
2024.04.02  16.29.19,Current device parameters,,,9 d., 6:38:31,,,,2.04 mR,None,None,23°C,100%,
2024.04.02  16.28.05,Current data values,851,532 cpm,,0:01:36,13 µR/h,22.10%,,None,None,None,,,
2024.04.02  16.27.19,Current device parameters,,,9 d., 6:36:31,,,,2.04 mR,None,None,23.1°C,100%,
2024.04.02  16.26.29,Current data values,1039,649 cpm,,0:01:36,14.7 µR/h,19.60%,,None,None,None,,,
2024.04.02  16.25.19,Current device parameters,,,9 d., 6:34:31,,,,2.04 mR,None,None,23.3°C,100%,
2024.04.02  16.24.53,Current data values,1068,668 cpm,,0:01:36,17.2 µR/h,19.40%,,None,None,None,,,
2024.04.02  16.23.19,Current device parameters,,,9 d., 6:32:31,,,,2.04 mR,None,None,23.4°C,100%,
2024.04.02  16.23.17,Current data values,1002,626 cpm,,0:01:36,15.5 µR/h,19.70%,,None,None,None,,,
2024.04.02  16.21.41,Current data values,1029,643 cpm,,0:01:36,18 µR/h,19.30%,,None,None,None,,,
2024.04.02  16.21.19,Current device parameters,,,9 d., 6:30:31,,,,2.04 mR,None,None,23.5°C,100%,
2024.04.02  16.20.05,Current data values,1019,637 cpm,,0:01:36,17 µR/h,19.30%,,None,None,None,,,
2024.04.02  16.19.19,Current device parameters,,,9 d., 6:28:31,,,,2.04 mR,None,None,23.6°C,100%,
2024.04.02  16.18.29,Current data values,974,609 cpm,,0:01:36,12.6 µR/h,19.90%,,None,None,None,,,
2024.04.02  16.17.19,Current device parameters,,,9 d., 6:26:31,,,,2.04 mR,None,None,23.7°C,100%,
2024.04.02  16.16.53,Current data values,982,614 cpm,,0:01:36,12.4 µR/h,17.80%,,None,None,None,,,
2024.04.02  16.15.19,Current device parameters,,,9 d., 6:24:31,,,,2.04 mR,None,None,23.8°C,100%,
2024.04.02  16.15.17,Current data values,1007,629 cpm,,0:01:36,17 µR/h,18.70%,,None,None,None,,,
2024.04.02  16.13.41,Current data values,1017,636 cpm,,0:01:36,16.9 µR/h,18.90%,,None,None,None,,,
2024.04.02  16.13.19,Current device parameters,,,9 d., 6:22:31,,,,2.04 mR,None,None,24°C,100%,
2024.04.02  16.12.05,Current data values,1012,632 cpm,,0:01:36,15.5 µR/h,19.50%,,None,None,None,,,
2024.04.02  16.11.19,Current device parameters,,,9 d., 6:20:31,,,,2.04 mR,None,None,24.1°C,100%,
2024.04.02  16.10.29,Current data values,952,595 cpm,,0:01:36,14.1 µR/h,19.80%,,None,None,None,,,
2024.04.02  16.09.19,Current device parameters,,,9 d., 6:18:31,,,,2.04 mR,None,None,24.3°C,100%,
2024.04.02  16.08.53,Current data values,1003,627 cpm,,0:01:36,17.3 µR/h,19.90%,,None,None,None,,,
2024.04.02  16.07.17,Current data values,997,623 cpm,,0:01:36,14.7 µR/h,19%,,None,None,None,,,
2024.04.02  16.05.41,Current data values,941,588 cpm,,0:01:36,13.9 µR/h,20%,,None,None,None,,,
2024.04.02  16.04.05,Current data values,927,579 cpm,,0:01:36,14.2 µR/h,20.30%,,None,None,None,,,
2024.04.02  16.02.29,Current data values,958,599 cpm,,0:01:36,15 µR/h,18.70%,,None,None,None,,,
2024.04.02  16.02.19,Current device parameters,,,9 d., 6:11:31,,,,2.04 mR,None,None,24.4°C,100%,
2024.04.02  16.00.53,Current data values,1043,652 cpm,,0:01:36,13.6 µR/h,20.50%,,None,None,None,,,
2024.04.02  16.00.19,Current device parameters,,,9 d., 6:09:31,,,,2.04 mR,None,None,24.3°C,100%,
2024.04.02  15.59.17,Current data values,1054,659 cpm,,0:01:36,15 µR/h,20.20%,,None,None,None,,,
2024.04.02  15.58.19,Current device parameters,,,9 d., 6:07:31,,,,2.04 mR,None,None,24.2°C,100%,
2024.04.02  15.57.41,Current data values,1031,644 cpm,,0:01:36,17.7 µR/h,20.40%,,None,None,None,,,
2024.04.02  15.57.19,Current device parameters,,,9 d., 6:06:31,,,,2.04 mR,None,None,24.1°C,100%,
2024.04.02  15.56.05,Current data values,1151,719 cpm,,0:01:36,14.8 µR/h,18.90%,,None,None,None,,,
2024.04.02  15.55.19,Current device parameters,,,9 d., 6:04:31,,,,2.04 mR,None,None,23.9°C,100%,
2024.04.02  15.55.17,Device power on,,,,,,,,None,None,None,,,
2024.04.02  15.55.17,Current data values,1086,679 cpm,,0:01:36,14.6 µR/h,18.90%,,None,None,None,,,
2024.04.02  15.55.14,Battery charge end,,,,,,,,None,None,None,,,
2024.04.02  15.34.50,Battery charge begin,,,,,,,,None,None,None,,,
